date,total_orders
2024-11-01,47
2024-11-02,44
2024-11-03,54
2024-11-04,71
2024-11-05,57
2024-11-06,57
2024-11-07,48
2024-11-08,64
2024-11-09,54
2024-11-10,56
2024-11-11,63
2024-11-12,60
2024-11-13,57
2024-11-14,53
2024-11-15,56
2024-11-16,59
2024-11-17,73
2024-11-18,53
2024-11-19,53
2024-11-20,53
2024-11-21,58
2024-11-22,56
2024-11-23,49
2024-11-24,60
2024-11-25,45
2024-11-26,55
2024-11-27,53
2024-11-28,63
2024-11-29,56
2024-11-30,54
2024-12-01,56
2024-12-02,59
2024-12-03,73
2024-12-04,72
2024-12-05,59
2024-12-06,54
2024-12-07,71
2024-12-08,59
2024-12-09,51
2024-12-10,48
2024-12-11,53
2024-12-12,52
2024-12-13,56
2024-12-14,47
2024-12-15,60
2024-12-16,57
2024-12-17,52
2024-12-18,52
2024-12-19,55
2024-12-20,48
2024-12-21,53
2024-12-22,65
2024-12-23,65
2024-12-24,39
2024-12-25,61
2024-12-26,50
2024-12-27,48
2024-12-28,51
2024-12-29,52
2024-12-30,66
2024-12-31,53
2025-01-01,57
2025-01-02,56
2025-01-03,61
2025-01-04,49
2025-01-05,69
2025-01-06,44
2025-01-07,58
2025-01-08,55
2025-01-09,62
2025-01-10,52
2025-01-11,38
2025-01-12,67
2025-01-13,55
2025-01-14,66
2025-01-15,54
2025-01-16,65
2025-01-17,71
2025-01-18,56
2025-01-19,57
2025-01-20,59
2025-01-21,53
2025-01-22,53
2025-01-23,55
2025-01-24,55
2025-01-25,65
2025-01-26,47
2025-01-27,51
2025-01-28,57
2025-01-29,50
2025-01-30,47
2025-01-31,55
2025-02-01,50
2025-02-02,55
2025-02-03,42
2025-02-04,66
2025-02-05,64
2025-02-06,51
2025-02-07,63
2025-02-08,71
2025-02-09,50
2025-02-10,60
2025-02-11,62
2025-02-12,49
2025-02-13,57
2025-02-14,57
2025-02-15,43
2025-02-16,55
2025-02-17,39
2025-02-18,41
2025-02-19,44
2025-02-20,66
2025-02-21,53
2025-02-22,50
2025-02-23,52
2025-02-24,50
2025-02-25,51
2025-02-26,46
2025-02-27,52
2025-02-28,61
2025-03-01,55
2025-03-02,44
2025-03-03,57
2025-03-04,59
2025-03-05,40
2025-03-06,59
2025-03-07,63
2025-03-08,56
2025-03-09,52
2025-03-10,53
2025-03-11,57
2025-03-12,62
2025-03-13,72
2025-03-14,57
2025-03-15,61
2025-03-16,48
2025-03-17,61
2025-03-18,60
2025-03-19,60
2025-03-20,47
2025-03-21,49
2025-03-22,50
2025-03-23,48
2025-03-24,54
2025-03-25,48
2025-03-26,51
2025-03-27,48
2025-03-28,54
2025-03-29,64
2025-03-30,52
2025-03-31,54
2025-04-01,60
2025-04-02,60
2025-04-03,57
2025-04-04,52
2025-04-05,61
2025-04-06,63
2025-04-07,60
2025-04-08,58
2025-04-09,55
2025-04-10,59
2025-04-11,45
2025-04-12,56
2025-04-13,40
2025-04-14,55
2025-04-15,62
2025-04-16,67
2025-04-17,68
2025-04-18,47
2025-04-19,57
2025-04-20,58
2025-04-21,62
2025-04-22,44
2025-04-23,49
2025-04-24,68
2025-04-25,54
2025-04-26,61
2025-04-27,61
2025-04-28,57
2025-04-29,52
